City_ID,City,Country,Lat,Lng,Max Temp,Humidity,Cloudiness,Wind Speed,Current Description
0,Ahipara,NZ,-35.1667,173.1667,62.62,74,100,4.21,overcast clouds
1,Qui Nhon,VN,13.7667,109.2333,86.32,66,99,8.08,moderate rain
2,Busselton,AU,-33.65,115.3333,57.69,60,95,13.53,overcast clouds
3,Daru,PG,-9.0763,143.2092,79.38,87,68,15.21,broken clouds
4,Hermanus,ZA,-34.4187,19.2345,54.19,80,46,4.63,scattered clouds
5,Sao Francisco De Assis,BR,-29.5503,-55.1311,70.84,66,43,16.04,scattered clouds
6,Kodiak,US,57.79,-152.4072,54.91,76,100,11.5,overcast clouds
7,Neiafu,TO,-18.65,-173.9833,81.28,74,40,13.8,scattered clouds
8,Kaeo,NZ,-35.1,173.7833,65.32,86,100,3.83,overcast clouds
9,Hobart,AU,-42.8794,147.3294,53.46,71,75,10.36,broken clouds
10,Changde,CN,29.0464,111.6783,90.82,66,94,11.27,overcast clouds
11,Port Blair,IN,11.6667,92.75,80.64,89,100,4.61,drizzle
12,Devils Lake,US,48.1128,-98.8651,80.58,76,40,6.91,scattered clouds
13,Lebu,CL,-37.6167,-73.65,48.15,84,35,10.65,scattered clouds
14,Lompoc,US,34.6391,-120.4579,70.84,82,75,18.99,mist
15,Bluff,NZ,-46.6,168.3333,47.8,67,27,2.44,scattered clouds
16,Chambersburg,US,39.9376,-77.6611,68.77,78,92,1.01,overcast clouds
17,Saint-Joseph,RE,-21.3667,55.6167,64.78,70,47,15.01,scattered clouds
18,Hamilton,US,39.1834,-84.5333,76.05,78,20,12.66,few clouds
19,Port Elizabeth,ZA,-33.918,25.5701,61.32,80,0,17.27,clear sky
20,East London,ZA,-33.0153,27.9116,64.81,74,0,16.69,clear sky
21,Nabire,ID,-3.3667,135.4833,83.37,74,98,3.53,overcast clouds
22,Ushuaia,AR,-54.8,-68.3,29.86,80,40,13.8,scattered clouds
23,Margate,GB,51.3813,1.3862,57.69,90,0,2.37,clear sky
24,Victoria,HK,22.2855,114.1577,91.45,84,50,7.0,scattered clouds
25,Rikitea,PF,-23.1203,-134.9692,73.65,77,15,8.14,light rain
26,Muros,ES,42.7762,-9.0603,64.09,87,66,2.46,broken clouds
27,Quatre Cocos,MU,-20.2078,57.7625,68.11,65,71,21.97,broken clouds
28,Chuy,UY,-33.6971,-53.4616,61.86,91,92,13.15,overcast clouds
29,Pisco,PE,-13.7,-76.2167,60.85,88,20,6.91,mist
30,Hit,IQ,33.6416,42.8251,86.45,32,0,18.25,clear sky
31,Nelson Bay,AU,-32.7167,152.15,59.0,100,96,10.0,moderate rain
32,Mosquera,CO,4.7059,-74.2302,53.69,82,40,4.61,scattered clouds
33,Mataura,NZ,-46.1927,168.8643,47.48,65,19,2.06,few clouds
34,Nome,US,64.5011,-165.4064,72.16,62,0,17.27,clear sky
35,Fortuna,US,40.5982,-124.1573,65.35,80,100,5.01,overcast clouds
36,Antofagasta,CL,-23.65,-70.4,58.28,82,100,3.67,overcast clouds
37,Thompson,CA,55.7435,-97.8558,66.36,82,100,21.85,overcast clouds
38,Umm Bab,QA,25.2142,50.8072,90.19,46,100,8.19,overcast clouds
39,Jamestown,US,42.097,-79.2353,64.04,55,0,6.91,clear sky
40,Itarema,BR,-2.9248,-39.9167,77.5,79,90,12.82,overcast clouds
41,Oussouye,SN,12.485,-16.5469,78.98,85,100,7.16,overcast clouds
42,Punta Arenas,CL,-53.15,-70.9167,24.91,80,20,6.91,few clouds
43,Butaritari,KI,3.0707,172.7902,82.02,78,25,12.71,light rain
44,Nanortalik,GL,60.1432,-45.2371,41.13,94,64,8.32,broken clouds
45,Nikolskoye,RU,59.7035,30.7861,62.87,90,88,2.24,overcast clouds
46,Egvekinot,RU,66.3167,-179.1667,41.43,98,100,6.42,light rain
47,Cradock,ZA,-32.1642,25.6192,50.83,62,1,5.59,clear sky
48,Hay River,CA,60.8156,-115.7999,60.78,88,75,4.61,moderate rain
49,Sumbawanga,TZ,-7.9667,31.6167,47.34,82,0,3.15,clear sky
50,Port Keats,AU,-14.25,129.55,79.45,29,7,7.63,clear sky
51,Tuktoyaktuk,CA,69.4541,-133.0374,48.2,100,100,8.05,fog
52,Grindavik,IS,63.8424,-22.4338,50.9,100,100,18.41,mist
53,Great Bend,US,38.3645,-98.7648,84.33,60,0,6.91,clear sky
54,Vila Franca Do Campo,PT,37.7167,-25.4333,68.2,85,18,6.06,few clouds
55,Longyearbyen,SJ,78.2186,15.6401,42.64,75,75,14.97,broken clouds
56,Waingapu,ID,-9.6567,120.2641,83.12,68,99,16.75,overcast clouds
57,Parkes,AU,-33.1333,148.1833,54.36,64,41,1.99,scattered clouds
58,Arauca,CO,7.0847,-70.7591,72.1,97,100,3.65,overcast clouds
59,Abu Samrah,SY,35.3029,37.1841,70.63,74,0,13.4,clear sky
60,Albany,US,42.6001,-73.9662,64.81,76,2,5.37,clear sky
61,Yantal,RU,56.8471,105.2542,63.68,64,93,5.97,overcast clouds
62,Stockholm,SE,59.3326,18.0649,59.67,81,100,3.44,overcast clouds
63,Doctor Arroyo,MX,23.6667,-100.1833,71.78,54,39,4.27,scattered clouds
64,Acoyapa,NI,11.9703,-85.1711,76.59,87,100,11.65,overcast clouds
65,Sao Joao Da Barra,BR,-21.6403,-41.0511,71.31,84,15,15.14,few clouds
66,Prince Albert,CA,53.2001,-105.7677,75.15,57,20,6.91,few clouds
67,Courtenay,CA,49.6866,-124.9936,69.03,77,75,4.61,broken clouds
68,Bredasdorp,ZA,-34.5322,20.0403,49.23,84,0,3.56,clear sky
69,Tuatapere,NZ,-46.1333,167.6833,45.25,62,7,4.0,clear sky
70,Atuona,PF,-9.8,-139.0333,77.85,76,11,17.27,few clouds
71,Cape Town,ZA,-33.9258,18.4232,57.38,88,75,9.22,moderate rain
72,Yumen,CN,40.2833,97.2,85.98,20,90,7.94,overcast clouds
73,Klaksvik,FO,62.2266,-6.589,52.72,97,99,6.35,light rain
74,Shingu,JP,33.7333,135.9833,82.36,73,63,5.84,broken clouds
75,Ponta Do Sol,PT,32.6667,-17.1,73.13,46,2,3.47,clear sky
76,Noumea,NC,-22.2763,166.4572,84.18,99,89,1.03,overcast clouds
77,Bethel,US,41.3712,-73.414,72.64,60,0,3.44,clear sky
78,Braganca,BR,-1.0536,-46.7656,71.26,98,87,1.66,overcast clouds
79,Deer Lake,CA,49.1667,-57.4316,51.66,82,40,6.91,scattered clouds
80,Chokurdakh,RU,70.6333,147.9167,65.26,33,7,10.09,clear sky
81,Sete,FR,43.4018,3.6966,76.86,49,0,8.48,clear sky
82,Vaini,TO,-21.2,-175.2,77.16,73,20,12.66,few clouds
83,San Cristobal,VE,7.7669,-72.225,75.38,98,100,4.12,overcast clouds
84,Narsaq,GL,60.9167,-46.05,46.62,92,37,0.74,scattered clouds
85,Arraial Do Cabo,BR,-22.9661,-42.0278,70.29,88,1,20.51,clear sky
86,Aloleng,PH,16.1307,119.7824,84.9,73,29,3.74,scattered clouds
87,Georgetown,MY,5.4112,100.3354,85.95,81,20,3.44,few clouds
88,Lubaczow,PL,50.157,23.1234,54.52,94,97,6.02,overcast clouds
89,Behbahan,IR,30.5959,50.2417,92.28,16,4,1.45,clear sky
90,Tiksi,RU,71.6872,128.8694,57.94,49,87,7.14,overcast clouds
91,Ostrovskoye,RU,57.8057,42.2433,63.97,91,95,4.83,overcast clouds
92,Vanimo,PG,-2.6741,141.3028,83.53,71,99,5.95,light rain
93,Bandar-E Anzali,IR,37.4727,49.4622,68.11,51,0,3.0,clear sky
94,Sao Joao De Pirabas,BR,-0.7747,-47.1772,74.17,91,100,4.09,overcast clouds
95,Raigarh,IN,21.9,83.4,83.8,72,56,9.53,broken clouds
96,Marsh Harbour,BS,26.5412,-77.0636,82.92,75,37,9.73,scattered clouds
97,Torbay,CA,47.6666,-52.7314,56.26,86,75,6.91,broken clouds
98,Petropavlovsk-Kamchatskiy,RU,53.0452,158.6483,90.19,49,75,11.18,broken clouds
99,Raudeberg,NO,61.9875,5.1352,47.07,81,100,7.76,overcast clouds
100,Touros,BR,-5.1989,-35.4608,74.97,87,19,10.13,few clouds
101,Port Alfred,ZA,-33.5906,26.891,60.19,79,3,5.01,clear sky
102,Avera,US,33.194,-82.5271,77.05,81,89,6.91,overcast clouds
103,Hithadhoo,MV,-0.6,73.0833,82.24,78,89,6.53,overcast clouds
104,Saint-Philippe,RE,-21.3585,55.7679,65.79,70,75,13.69,broken clouds
105,Isabela,PH,6.7085,121.9711,82.45,63,95,3.89,overcast clouds
106,Necochea,AR,-38.5473,-58.7368,53.51,95,100,5.55,overcast clouds
107,Chililabombwe,ZM,-12.3648,27.8229,49.86,78,35,4.79,scattered clouds
108,Carnarvon,AU,-24.8667,113.6333,66.52,78,100,18.41,overcast clouds
109,Maragogi,BR,-9.0122,-35.2225,74.5,83,6,14.34,clear sky
110,Tigil,RU,57.8,158.6667,78.46,57,2,6.02,clear sky
111,Aklavik,CA,68.2191,-135.0107,65.91,52,17,16.49,few clouds
112,Ostrovnoy,RU,68.0531,39.5131,49.59,84,76,4.83,broken clouds
113,Te Anau,NZ,-45.4167,167.7167,42.22,69,44,2.95,scattered clouds
114,Mahibadhoo,MV,3.7833,72.9667,81.88,76,100,12.21,overcast clouds
115,Dingle,PH,10.9995,122.6711,84.4,76,79,12.75,broken clouds
116,Guerrero Negro,MX,27.9769,-114.0611,68.13,82,29,16.89,scattered clouds
117,Comodoro Rivadavia,AR,-45.8667,-67.5,44.46,87,100,17.27,light rain
118,Blitar,ID,-8.0983,112.1681,81.9,66,36,7.76,scattered clouds
119,Avarua,CK,-21.2078,-159.775,77.05,57,40,12.66,scattered clouds
120,Puerto Escondido,MX,15.85,-97.0667,83.23,61,75,0.0,broken clouds
121,Port Lincoln,AU,-34.7333,135.8667,56.14,58,100,18.16,overcast clouds
122,Castro,BR,-24.7911,-50.0119,53.83,84,67,3.74,broken clouds
123,Kaitangata,NZ,-46.2817,169.8464,45.34,65,11,3.18,few clouds
124,Hecun,CN,36.5333,114.1111,75.94,73,100,14.81,moderate rain
125,The Pas,CA,53.8251,-101.2541,68.02,77,75,21.85,broken clouds
126,Dolores,AR,-36.3132,-57.6792,59.18,97,77,8.25,light rain
127,Tiarei,PF,-17.5333,-149.3333,82.42,72,34,21.05,scattered clouds
128,Provideniya,RU,64.3833,-173.3,49.53,89,100,12.06,overcast clouds
129,Ajdabiya,LY,30.7554,20.2263,76.28,72,0,12.57,clear sky
130,Vung Tau,VN,10.346,107.0843,78.76,82,100,17.38,overcast clouds
131,Calvia,ES,39.5657,2.5062,75.92,56,0,5.97,clear sky
132,Saskylakh,RU,71.9167,114.0833,54.39,62,99,6.13,overcast clouds
133,Kapaa,US,22.0752,-159.319,84.52,72,40,14.97,scattered clouds
134,Barrow,US,71.2906,-156.7887,55.42,71,0,11.5,clear sky
135,Bichura,RU,50.5881,107.6022,70.72,41,65,6.91,broken clouds
136,Olinda,BR,-8.0089,-34.8553,78.53,69,100,10.36,overcast clouds
137,Saldanha,ZA,-33.0117,17.9442,55.45,95,100,11.65,moderate rain
138,Puerto El Triunfo,SV,13.2833,-88.55,85.12,81,54,5.37,broken clouds
139,Qaanaaq,GL,77.484,-69.3632,42.48,78,14,0.27,few clouds
140,Namibe,AO,-15.1961,12.1522,61.61,83,0,4.09,clear sky
141,Yellowknife,CA,62.456,-114.3525,72.12,60,75,5.75,smoke
142,Grand Gaube,MU,-20.0064,57.6608,68.4,73,62,5.99,broken clouds
143,Namwala,ZM,-15.7504,26.4384,53.1,75,0,4.56,clear sky
144,Grand-Santi,GF,4.25,-54.3833,71.73,99,92,2.21,overcast clouds
145,Hofn,IS,64.2539,-15.2082,49.78,97,100,8.88,overcast clouds
146,Khatanga,RU,71.9667,102.5,50.29,78,100,6.6,overcast clouds
147,Kolyvan,RU,55.3053,82.7391,71.22,57,13,9.37,few clouds
148,Puerto Ayora,EC,-0.7393,-90.3518,71.55,89,89,3.0,overcast clouds
149,Marsa Matruh,EG,31.3525,27.2453,77.2,73,40,11.5,scattered clouds
150,Cabo San Lucas,MX,22.8909,-109.9124,92.5,35,20,13.8,few clouds
151,Luderitz,NA,-26.6481,15.1594,55.53,88,51,2.98,light rain
152,Port Hardy,CA,50.6996,-127.4199,60.98,88,100,6.91,overcast clouds
153,Isla Vista,US,34.4133,-119.861,78.35,57,0,3.44,clear sky
154,Khandyga,RU,62.6667,135.6,77.95,46,91,5.5,overcast clouds
155,Isangel,VU,-19.55,169.2667,84.31,89,40,4.61,scattered clouds
156,Kahului,US,20.8947,-156.47,86.02,62,20,27.63,few clouds
157,Fort Nelson,CA,58.8053,-122.7002,60.39,77,75,11.5,broken clouds
158,Maldonado,UY,-34.6667,-54.9167,66.22,87,76,14.74,broken clouds
159,Wakkanai,JP,45.4094,141.6739,76.98,69,40,14.97,scattered clouds
160,Dikson,RU,73.5069,80.5464,32.74,96,96,7.96,overcast clouds
161,Jalu,LY,29.0331,21.5482,74.53,61,0,10.02,clear sky
162,Bon Accord,CA,53.8335,-113.4187,66.51,70,95,6.62,overcast clouds
163,Bendigo,AU,-36.7667,144.2833,59.86,51,0,5.01,clear sky
164,Faanui,PF,-16.4833,-151.75,78.3,72,68,18.79,broken clouds
165,Leshukonskoye,RU,64.8989,45.7622,63.77,59,99,2.57,overcast clouds
166,Bartica,GY,6.4,-58.6167,77.32,99,86,1.7,light rain
167,Thunder Bay,CA,48.4001,-89.3168,66.18,42,75,4.61,broken clouds
168,Havre-Saint-Pierre,CA,50.2334,-63.5986,59.36,67,100,14.97,overcast clouds
169,Pitimbu,BR,-7.4706,-34.8086,75.79,84,40,13.87,scattered clouds
170,Mar Del Plata,AR,-38.0023,-57.5575,56.08,95,100,4.61,mist
171,Teguldet,RU,57.3064,88.1667,78.84,52,12,2.24,few clouds
172,Villanueva De La Serena,ES,38.9766,-5.7974,78.1,19,0,1.57,clear sky
173,Banepa,NP,27.6298,85.5214,73.72,78,75,2.3,broken clouds
174,Lima,PE,-12.0432,-77.0282,61.9,84,100,13.8,light intensity drizzle
175,Brownwood,US,31.7093,-98.9912,88.92,57,0,4.61,clear sky
176,Tasiilaq,GL,65.6145,-37.6368,42.96,80,100,3.18,overcast clouds
177,Hanstholm,DK,57.1167,8.6167,55.67,70,12,22.57,few clouds
178,Mahebourg,MU,-20.4081,57.7,68.29,77,40,13.8,scattered clouds
179,Hilo,US,19.7297,-155.09,86.29,90,100,3.0,light rain
180,Nsoko,SZ,-27.0333,31.95,45.66,93,0,5.1,clear sky
181,Upernavik,GL,72.7868,-56.1549,39.2,87,15,5.41,few clouds
182,Albanel,CA,48.8832,-72.4487,50.14,87,25,4.61,scattered clouds
183,Alofi,NU,-19.0595,-169.9187,76.89,78,97,19.57,overcast clouds
184,Souillac,MU,-20.5167,57.5167,68.38,77,40,13.8,light rain
185,Pangai,TO,-19.8,-174.35,76.73,73,15,22.73,few clouds
186,Kaseda,JP,31.4167,130.3167,82.18,68,5,5.41,clear sky
187,Adrar,MR,20.5022,-10.0711,95.05,16,0,8.41,clear sky
188,Masuda,JP,34.6667,131.85,80.87,78,40,6.91,scattered clouds
189,Kruisfontein,ZA,-34.0033,24.7314,56.88,90,46,5.26,scattered clouds
190,Vao,NC,-22.6667,167.4833,76.33,76,97,18.86,overcast clouds
191,Korla,CN,41.7597,86.1469,87.17,11,75,5.77,broken clouds
192,Bengkulu,ID,-3.8004,102.2655,82.76,65,88,7.16,overcast clouds
193,Severo-Kurilsk,RU,50.6789,156.125,61.02,80,97,11.45,overcast clouds
194,Pacasmayo,PE,-7.4006,-79.5714,60.94,86,43,14.03,scattered clouds
195,Asau,RO,46.4333,26.4,63.95,84,95,2.53,overcast clouds
196,Iqaluit,CA,63.7506,-68.5145,37.13,93,20,6.91,few clouds
197,Nueve De Julio,AR,-35.4444,-60.8831,58.98,92,98,4.97,overcast clouds
198,Falmouth,GB,50.1544,-5.0711,61.7,77,0,8.05,clear sky
199,Cabra,ES,37.4725,-4.4421,75.65,35,0,4.25,clear sky
200,Alvand,IR,36.3187,49.1678,60.78,48,0,4.7,clear sky
201,Puri,IN,19.8,85.85,82.92,75,100,5.46,overcast clouds
202,Canguaretama,BR,-6.38,-35.1289,73.0,91,33,9.31,scattered clouds
203,Bonthe,SL,7.5264,-12.505,74.01,96,100,4.61,heavy intensity rain
204,Bowen,AU,-20.0167,148.2333,66.49,44,0,4.41,clear sky
205,Calama,CL,-22.4667,-68.9333,46.89,11,20,13.8,few clouds
206,Lae,PG,-6.7221,146.9847,86.67,66,72,8.5,broken clouds
207,Portland,US,45.5234,-122.6762,77.47,56,75,8.05,broken clouds
208,Christchurch,NZ,-43.5333,172.6333,46.9,68,100,10.36,overcast clouds
209,Kieta,PG,-6.2167,155.6333,85.19,63,54,8.08,broken clouds
210,Pakxan,LA,18.3778,103.6601,85.59,70,42,2.37,scattered clouds
211,Port Shepstone,ZA,-30.7414,30.455,61.63,43,0,5.95,clear sky
212,Sao Filipe,CV,14.8961,-24.4956,73.98,82,40,8.14,scattered clouds
213,Homer,US,59.6425,-151.5483,59.77,72,100,5.99,overcast clouds
214,Ugento,IT,39.9263,18.1574,68.47,70,0,15.59,clear sky
215,Beloha,MG,-25.1667,45.05,57.56,72,0,7.45,clear sky
216,Poplar Bluff,US,36.757,-90.3929,78.58,80,100,9.22,overcast clouds
217,Synya,RU,65.3718,58.0387,65.5,52,93,2.48,overcast clouds
218,Fare,PF,-16.7,-151.0167,78.17,72,82,20.38,broken clouds
219,Miyako,JP,39.6367,141.9525,74.95,79,98,5.26,overcast clouds
220,Juneau,US,58.3019,-134.4197,60.8,100,100,8.05,overcast clouds
221,Meadow Lake,US,34.8014,-106.5436,78.28,51,100,6.38,overcast clouds
222,Rocky Mountain House,CA,52.3668,-114.9188,62.51,82,62,2.46,broken clouds
223,Araouane,ML,18.9048,-3.5265,93.43,20,100,6.93,overcast clouds
224,Catania,IT,37.5021,15.0872,75.33,60,0,6.91,clear sky
225,Salalah,OM,17.0151,54.0924,77.09,94,100,8.05,light rain
226,Hobyo,SO,5.3505,48.5268,75.94,74,99,24.05,overcast clouds
227,Poya,NC,-21.35,165.15,82.42,64,100,7.99,overcast clouds
228,Leh,IN,34.1667,77.5833,62.82,54,49,5.46,scattered clouds
229,Hohhot,CN,40.8106,111.6522,79.09,36,0,4.47,clear sky
230,Kolkwitz,DE,51.75,14.25,56.01,78,99,3.0,overcast clouds
231,Port Hedland,AU,-20.3167,118.5667,75.25,15,0,14.97,clear sky
232,Abdanan,IR,32.9926,47.4198,83.86,21,0,6.87,clear sky
233,Pangnirtung,CA,66.1451,-65.7125,45.23,79,83,2.06,broken clouds
234,Myanaung,MM,18.2833,95.3167,80.94,82,100,5.95,overcast clouds
235,Prince Rupert,CA,54.3161,-130.3201,59.09,84,100,16.11,overcast clouds
236,Raga,SS,8.4596,25.678,68.41,96,100,2.93,light rain
237,Katsuura,JP,35.1333,140.3,78.53,81,93,11.65,overcast clouds
238,Mazagao,BR,-0.115,-51.2894,80.65,94,43,3.87,scattered clouds
239,Longonjo,AO,-12.9067,15.2533,54.12,45,30,1.19,scattered clouds
240,Clyde River,CA,70.4692,-68.5914,39.43,81,0,3.44,clear sky
241,Luoyang,CN,34.6836,112.4536,86.68,67,79,14.0,broken clouds
242,Qandala,SO,11.472,49.8728,85.89,50,96,18.57,overcast clouds
243,Beaumont,US,30.0861,-94.1019,87.78,78,0,9.22,clear sky
244,Garowe,SO,8.4054,48.4845,74.32,61,59,26.75,broken clouds
245,Robertsport,LR,6.7533,-11.3686,76.39,88,97,10.31,moderate rain
246,Esperance,AU,-33.8667,121.9,59.99,58,3,23.49,clear sky
247,Bad Wildbad,DE,48.75,8.55,61.41,96,66,2.89,broken clouds
248,Bemidji,US,47.4736,-94.8803,77.09,73,0,6.91,clear sky
249,Berlevag,NO,70.8578,29.0864,55.35,76,100,0.0,overcast clouds
250,Yerbogachen,RU,61.2767,108.0108,69.75,40,4,5.1,clear sky
251,Rio Grande,BR,-32.035,-52.0986,59.95,91,96,12.91,overcast clouds
252,Bafra,TR,41.5678,35.9069,72.82,80,40,5.7,moderate rain
253,Yulara,AU,-25.2406,130.9889,58.71,30,0,10.65,clear sky
254,Diu,IN,20.7141,70.9822,81.5,81,100,17.16,overcast clouds
255,Urumqi,CN,43.801,87.6005,72.55,41,0,4.47,clear sky
256,Srednekolymsk,RU,67.45,153.6833,62.26,38,49,3.67,scattered clouds
257,New Norfolk,AU,-42.7826,147.0587,53.1,75,3,1.01,clear sky
258,Chhindwara,IN,22.0667,78.9333,80.37,74,75,8.59,broken clouds
259,Harrison,US,30.4091,-89.0436,87.87,81,0,6.91,clear sky
260,Ancud,CL,-41.8697,-73.8203,45.23,88,99,11.92,light rain
261,El Jicaro,GT,14.9167,-89.9,74.1,95,14,3.36,few clouds
262,Muravlenko,RU,63.7898,74.523,67.46,55,11,2.19,few clouds
263,Keflavik,IS,64.0049,-22.5624,50.86,100,100,18.41,mist
264,Ratnagiri,IN,16.9833,73.3,79.95,84,100,18.95,light rain
265,Ribeira Grande,PT,38.5167,-28.7,67.75,77,46,9.51,scattered clouds
266,Fairbanks,US,64.8378,-147.7164,71.6,56,100,0.0,haze
267,Edd,ER,13.9297,41.6925,89.71,56,100,4.38,overcast clouds
268,Harnosand,SE,62.6323,17.9379,53.01,91,100,13.6,overcast clouds
269,Lokoja,NG,7.8024,6.743,73.45,95,100,2.75,overcast clouds
270,Auki,SB,-8.7676,160.7034,85.62,62,17,3.2,few clouds
271,Coihaique,CL,-45.5752,-72.0662,33.75,100,100,4.61,mist
272,Havre,FR,49.5833,0.3333,56.97,94,0,6.91,clear sky
273,Soyo,AO,-6.1349,12.3689,69.89,85,95,7.36,overcast clouds
274,Ilheus,BR,-14.7889,-39.0494,69.3,88,54,5.39,broken clouds
275,Hualmay,PE,-11.0964,-77.6139,61.59,85,61,8.86,broken clouds
276,Saint-Augustin,CA,51.226,-58.6502,52.18,88,100,11.23,overcast clouds
277,Airai,TL,-8.9266,125.4092,68.0,67,77,3.98,broken clouds
278,Westport,US,41.1415,-73.3579,73.9,75,0,4.61,clear sky
279,Yarkovo,RU,57.4028,67.0786,73.15,65,66,2.71,broken clouds
280,Oktyabrskoye,RU,43.0645,44.7417,57.34,100,0,4.47,clear sky
281,Cherskiy,RU,68.75,161.3,52.07,48,62,11.12,broken clouds
282,Tagusao,PH,9.1924,117.8141,81.25,80,100,5.21,overcast clouds
283,Bubaque,GW,11.2833,-15.8333,80.31,84,100,13.11,light rain
284,Bantou,CN,26.2151,117.4893,95.23,52,34,3.38,scattered clouds
285,Iquique,CL,-20.2208,-70.1431,60.84,73,98,3.8,overcast clouds
286,Tokur,RU,53.1333,132.9,61.65,94,100,2.42,overcast clouds
287,Troitsk,RU,54.0979,61.5773,70.84,69,96,2.17,overcast clouds
288,Dukat,RU,62.55,155.55,70.05,41,19,1.88,few clouds
289,Caravelas,BR,-17.7125,-39.2481,69.93,85,6,5.79,clear sky
290,Sitka,US,57.0531,-135.33,57.09,88,100,6.91,light rain
291,Bilma,NE,18.6853,12.9164,86.32,34,0,7.07,clear sky
292,Vila Velha,BR,-20.3297,-40.2925,64.94,96,40,2.3,scattered clouds
293,Lasa,IT,46.6166,10.7002,57.36,91,51,6.64,broken clouds
294,Sioux Lookout,CA,50.1001,-91.917,71.67,56,100,4.61,overcast clouds
295,Fukue,JP,32.6881,128.8419,84.56,70,75,6.91,broken clouds
296,Durban,ZA,-29.8579,31.0292,60.03,78,0,1.01,clear sky
297,Talnakh,RU,69.4865,88.3972,47.21,62,33,17.27,scattered clouds
298,Havoysund,NO,70.9963,24.6622,52.03,79,36,6.02,scattered clouds
299,Padang,ID,-0.9492,100.3543,78.85,70,69,2.73,broken clouds
300,Lucea,JM,18.451,-78.1736,84.06,74,100,6.62,overcast clouds
301,Ust-Maya,RU,60.4167,134.5333,88.02,42,87,10.67,overcast clouds
302,Mao,ES,39.8885,4.2658,70.36,78,0,2.3,clear sky
303,Redlands,US,34.0556,-117.1825,89.94,30,4,4.74,clear sky
304,Burns Lake,CA,54.2331,-125.7533,62.02,59,47,10.8,scattered clouds
305,Awbari,LY,26.5921,12.7805,83.46,38,14,15.9,few clouds
306,Karacabey,TR,40.2152,28.4038,66.58,87,99,3.74,overcast clouds
307,Saint Anthony,US,45.0205,-93.218,78.73,64,0,10.36,clear sky
308,Phon Thong,TH,16.3016,103.9768,85.95,75,99,7.07,overcast clouds
309,Mackenzie,CA,55.2999,-123.1698,61.02,63,40,5.75,scattered clouds
310,Guilin,CN,25.2819,110.2864,87.91,67,2,5.99,clear sky
311,Bonfim,BR,3.0833,-59.95,75.63,88,81,4.92,broken clouds
312,Tygda,RU,53.1167,126.3333,67.75,75,45,10.65,light rain
313,Kurayoshi,JP,35.4333,133.8167,80.51,79,84,6.6,broken clouds
314,Pacific Grove,US,36.6177,-121.9166,70.56,81,0,9.22,clear sky
315,Gao,ML,16.6362,1.637,86.81,40,53,15.23,broken clouds
316,Ndele,CF,8.4109,20.6473,69.69,99,100,4.25,overcast clouds
317,Kouango,CF,4.9934,19.9619,68.72,95,99,3.11,overcast clouds
318,Kikwit,CD,-5.041,18.8162,68.67,37,26,2.53,scattered clouds
319,Malmesbury,ZA,-33.4608,18.7271,53.78,94,100,4.36,light rain
320,Zhigansk,RU,66.7697,123.3711,61.95,52,96,3.96,overcast clouds
321,Terrasini,IT,38.146,13.0844,76.6,69,0,10.36,clear sky
322,Camacha,PT,33.0833,-16.3333,63.82,88,75,16.11,broken clouds
323,Magaria,NE,12.9983,8.9099,79.93,66,94,15.14,overcast clouds
324,Port Macquarie,AU,-31.4333,152.9167,61.36,61,3,11.77,clear sky
325,Saravan,AM,39.7196,45.6483,62.62,55,1,5.91,clear sky
326,Chlorakas,CY,34.8042,32.4083,70.68,78,0,6.91,clear sky
327,Victoria Point,AU,-27.5833,153.3,68.25,58,4,5.99,clear sky
328,Ulladulla,AU,-35.35,150.4667,56.3,74,63,13.94,broken clouds
329,Tarko-Sale,RU,64.9225,77.785,63.16,56,9,6.04,clear sky
330,Troitskoye,RU,52.9821,84.6757,70.86,69,5,7.92,clear sky
331,Rosarito,MX,32.3333,-117.0333,80.67,69,7,9.95,clear sky
332,Lazaro Cardenas,MX,17.9583,-102.2,80.6,83,69,5.61,broken clouds
333,Ascension,US,30.2169,-90.9001,87.8,74,0,3.44,clear sky
334,Aitape,PG,-3.1374,142.3475,84.06,73,39,8.46,light rain
335,Salinopolis,BR,-0.6136,-47.3561,77.41,84,100,8.46,overcast clouds
336,Shu,KZ,43.5983,73.7614,78.28,28,0,4.05,clear sky
337,Petropavl,KZ,54.8753,69.1628,69.78,68,0,2.24,clear sky
338,Thinadhoo,MV,0.5333,72.9333,82.99,75,82,10.67,broken clouds
339,Ilulissat,GL,69.2167,-51.1,44.62,70,98,3.44,overcast clouds
340,Bontang,ID,0.1333,117.5,83.25,74,60,4.85,broken clouds
341,Paciran,ID,-6.8767,112.3761,81.9,66,9,6.13,clear sky
342,Cairns,AU,-16.9167,145.7667,77.11,63,49,12.66,scattered clouds
343,Vysokogornyy,RU,50.1167,139.15,68.23,78,97,3.31,moderate rain
344,Laguna,US,38.421,-121.4238,91.76,42,0,11.5,clear sky
345,Pundaguitan,PH,6.3711,126.1689,83.89,69,32,6.76,scattered clouds
346,Yamada,JP,39.4667,141.95,75.45,80,99,3.91,overcast clouds
347,Hambantota,LK,6.1241,81.1185,80.94,78,40,8.05,scattered clouds
348,Chiria,IN,22.3,85.2667,82.2,72,84,12.44,broken clouds
349,Tatawin,TN,32.9297,10.4518,70.63,76,0,7.43,clear sky
350,Shimoda,JP,34.6667,138.95,84.11,80,100,7.05,overcast clouds
351,Marystown,CA,47.1666,-55.1483,53.85,100,11,1.01,few clouds
352,Clovis,US,36.8252,-119.7029,93.16,26,20,14.97,haze
353,Kavaratti,IN,10.5669,72.642,81.01,80,100,22.57,overcast clouds
354,Upington,ZA,-28.4478,21.2561,55.78,44,0,5.75,clear sky
355,Lincoln,US,40.8,-96.667,78.15,79,0,1.99,clear sky
356,Loei,TH,17.4167,101.5,72.77,92,100,1.03,overcast clouds
357,Kerema,PG,-7.9631,145.7785,82.96,75,100,7.18,overcast clouds
358,College,US,64.8569,-147.8028,71.58,56,100,0.0,smoke
359,Sao Felix Do Xingu,BR,-6.6447,-51.995,72.59,64,33,0.92,scattered clouds
360,Narasimharajapura,IN,13.6167,75.5167,68.72,97,100,7.7,light rain
361,Guiren,CN,33.6697,118.1889,87.33,67,98,10.18,overcast clouds
362,Naze,JP,28.3667,129.4833,85.12,78,3,9.01,clear sky
363,De-Kastri,RU,51.4667,140.7833,72.61,63,45,8.99,scattered clouds
364,Okitipupa,NG,6.5047,4.7839,72.37,99,100,2.21,light rain
365,Sabha,LY,27.0377,14.4283,80.56,44,8,15.5,clear sky
366,Iquitos,PE,-3.7481,-73.2472,73.44,100,75,3.44,broken clouds
367,Vila,PT,42.0304,-8.1588,61.68,47,4,4.38,clear sky
368,Xai-Xai,MZ,-25.0519,33.6442,60.03,90,1,8.23,clear sky
369,Geraldton,AU,-28.7667,114.6,66.61,59,75,10.36,broken clouds
370,Gazojak,TM,41.1875,61.4036,83.28,26,0,13.85,clear sky
371,Asyut,EG,27.181,31.1837,80.78,34,6,5.93,clear sky
372,Nioro,GM,13.35,-15.75,76.75,88,30,5.39,light rain
373,Kavieng,PG,-2.5744,150.7967,84.83,64,83,12.08,broken clouds
374,Waycross,US,31.2136,-82.354,75.45,100,96,6.55,overcast clouds
375,Oistins,BB,13.0667,-59.5333,82.49,83,75,19.57,broken clouds
376,Luanda,AO,-8.8368,13.2343,69.8,83,75,4.61,broken clouds
377,Negombo,LK,7.2083,79.8358,82.45,78,40,8.05,light rain
378,Abu Zabad,SD,12.35,29.25,75.92,74,100,9.19,overcast clouds
379,Yar-Sale,RU,66.8333,70.8333,61.56,63,97,9.93,overcast clouds
380,Quelimane,MZ,-17.8786,36.8883,66.15,94,0,0.0,clear sky
381,Maningrida,AU,-12.0667,134.2667,81.93,38,14,8.97,few clouds
382,Poykovskiy,RU,61.2333,73.3333,62.89,94,40,13.42,thunderstorm with light rain
383,Omaruru,NA,-21.4333,15.9333,44.28,77,0,5.06,clear sky
384,Tarakan,ID,3.3,117.6333,81.9,74,75,3.44,broken clouds
385,San Salvador,SV,13.6894,-89.1872,75.43,93,20,0.98,few clouds
386,Seymchan,RU,62.8833,152.4333,71.74,47,5,4.52,clear sky
387,Winslow,US,35.0242,-110.6974,86.18,26,0,28.77,clear sky
388,Sheregesh,RU,52.9209,87.9869,70.3,48,5,6.69,clear sky
389,Osypenko,UA,46.9136,36.8253,71.22,49,32,2.13,scattered clouds
390,Bilibino,RU,68.0546,166.4372,39.85,92,100,5.23,light rain
391,Nikki,BJ,9.9401,3.2108,70.14,93,86,8.86,overcast clouds
392,Baglung,NP,28.2719,83.5898,78.62,77,82,2.48,broken clouds
393,Kokstad,ZA,-30.5472,29.4241,44.06,37,0,4.94,clear sky
394,Sasaram,IN,24.951,84.0149,92.05,51,6,11.27,clear sky
395,Umm Kaddadah,SD,13.6017,26.6876,80.29,61,91,13.98,overcast clouds
396,Mareeba,AU,-17.0,145.4333,72.48,68,11,2.51,few clouds
397,Obihiro,JP,42.9172,143.2044,69.21,99,100,2.42,overcast clouds
398,Guaruja,BR,-23.9931,-46.2564,64.8,88,51,2.46,broken clouds
399,Rocha,UY,-34.4833,-54.3333,63.99,89,73,18.97,broken clouds
400,San Juan,AR,-31.5375,-68.5364,60.8,12,75,5.21,broken clouds
401,Farmington,US,36.7281,-108.2187,95.68,12,0,10.36,clear sky
402,Hervey Bay,AU,-25.2986,152.8535,62.55,63,60,11.03,broken clouds
403,San Jose,US,37.3394,-121.895,78.08,57,0,12.66,clear sky
404,Gondanglegi,ID,-7.7479,112.0132,82.69,67,37,9.93,scattered clouds
405,Alberton,CA,46.8168,-64.0654,64.31,64,3,14.76,clear sky
406,Ho Chi Minh City,VN,10.75,106.6667,80.62,94,75,8.05,light rain
407,Saint George,US,37.1041,-113.5841,102.79,10,0,11.5,clear sky
408,Xuddur,SO,4.1213,43.8894,68.29,80,98,16.82,overcast clouds
409,Devonport,AU,-41.1667,146.35,52.02,58,72,7.27,broken clouds
410,Ocos,GT,14.5094,-92.1933,81.5,78,97,5.06,overcast clouds
411,Nemuro,JP,43.3236,145.575,58.66,99,100,15.26,light rain
412,Omboue,GA,-1.5746,9.2618,69.04,89,69,6.06,broken clouds
413,Sur,OM,22.5667,59.5289,83.19,80,87,6.15,light rain
414,Nikel,RU,69.4128,30.222,53.78,77,84,5.21,broken clouds
415,Balaipungut,ID,1.05,101.2833,86.09,61,48,4.47,scattered clouds
416,Lukiv,UA,51.0521,25.4006,56.17,88,100,6.35,overcast clouds
417,Rolante,BR,-29.6506,-50.5758,70.03,82,65,4.45,broken clouds
418,Buchanan,LR,5.8808,-10.0467,75.52,83,100,10.47,light rain
419,Oranjemund,NA,-28.55,16.4333,56.8,85,90,17.94,light rain
420,Numan,NG,9.4667,12.0333,76.41,83,100,10.11,overcast clouds
421,Lagoa,PT,39.05,-27.9833,67.62,69,97,8.34,overcast clouds
422,Mount Gambier,AU,-37.8333,140.7667,53.55,63,100,9.26,overcast clouds
423,Katobu,ID,-4.9408,122.5276,84.7,65,21,8.9,few clouds
424,Kabanjahe,ID,3.1001,98.4908,73.9,60,99,4.72,overcast clouds
425,Atambua,ID,-9.1061,124.8925,80.35,62,27,3.0,scattered clouds
426,Elko,US,41.0002,-115.5012,87.82,15,0,11.61,clear sky
427,Abu Kamal,SY,34.4506,40.9171,81.75,35,0,16.26,clear sky
428,Lubango,AO,-14.9172,13.4925,54.75,46,1,2.42,clear sky
429,Buraydah,SA,26.326,43.975,79.25,6,45,7.99,scattered clouds
430,Sosnogorsk,RU,63.6023,53.8817,67.53,49,91,3.06,overcast clouds
431,Letlhakane,BW,-21.4167,25.5833,48.42,67,0,8.55,clear sky
432,Mandalgovi,MN,45.7625,106.2708,70.56,36,4,10.87,clear sky
433,Monterey,US,36.2505,-121.2516,78.17,48,0,9.84,clear sky
434,Tocopilla,CL,-22.092,-70.1979,62.19,73,100,6.44,overcast clouds
435,Boende,CD,-0.2167,20.8667,72.36,82,72,2.42,broken clouds
436,Houma,US,29.5958,-90.7195,84.99,82,0,5.75,clear sky
437,Pattan,IN,34.1667,74.5667,69.15,85,100,1.28,light rain
438,Cascais,PT,38.6979,-9.4215,78.15,74,0,10.25,clear sky
439,Kalmunai,LK,7.4167,81.8167,85.8,56,100,10.38,overcast clouds
440,Zhanaozen,KZ,43.3,52.8,81.05,22,1,10.76,clear sky
441,Swan Hill,AU,-35.3378,143.5544,58.32,48,0,7.43,clear sky
442,Odweyne,SO,9.4092,45.064,66.15,70,100,18.79,moderate rain
443,Cidreira,BR,-30.1811,-50.2056,61.95,94,71,13.56,broken clouds
444,Leningradskiy,RU,69.3833,178.4167,35.83,94,100,7.27,light rain
445,Bara,NG,10.3744,10.7288,74.25,88,100,7.54,light rain
446,Channel-Port Aux Basques,CA,47.5702,-59.1367,55.53,81,6,18.48,clear sky
447,Sobolevo,RU,54.4299,31.8996,57.74,96,100,4.05,light rain
448,Wanning,CN,18.8003,110.3967,84.16,82,93,5.82,overcast clouds
449,Vanavara,RU,60.34,102.2797,70.83,44,78,3.67,broken clouds
450,Binzhou,CN,37.3667,118.0167,81.77,66,98,18.01,overcast clouds
451,Redmond,US,47.674,-122.1215,75.24,64,89,1.99,overcast clouds
452,Valparaiso,CL,-33.0393,-71.6273,53.47,88,100,3.44,overcast clouds
453,Batagay,RU,67.6333,134.6333,64.0,50,100,5.12,overcast clouds
454,Aykhal,RU,66.0,111.5,67.53,41,32,11.68,scattered clouds
455,Soavinandriana,MG,-19.1667,46.7333,46.51,77,7,6.49,clear sky
456,Olafsvik,IS,64.8945,-23.7142,51.01,94,100,17.34,light rain
457,Awjilah,LY,29.1081,21.2869,74.12,64,0,9.84,clear sky
458,Nelspruit,ZA,-25.4745,30.9703,49.05,87,0,3.89,clear sky
459,Governador Valadares,BR,-18.8511,-41.9494,69.8,70,97,6.51,overcast clouds
460,Brigantine,US,39.4101,-74.3646,71.01,91,0,3.44,clear sky
461,Manggar,ID,-2.8833,108.2667,84.31,67,84,10.42,broken clouds
462,Faya,SA,18.3851,42.4509,64.92,35,100,10.13,overcast clouds
463,Lieksa,FI,63.3167,30.0167,56.86,94,93,9.44,overcast clouds
464,Buala,SB,-8.145,159.5921,84.92,67,13,7.07,few clouds
465,Flin Flon,CA,54.7682,-101.865,66.78,78,20,3.42,few clouds
466,Nusaybin,TR,37.0778,41.2178,82.13,38,0,7.49,clear sky
467,Krasnoselkup,RU,65.7,82.4667,59.38,55,22,17.11,few clouds
468,Chapais,CA,49.7834,-74.8492,55.18,58,5,4.38,clear sky
469,Hauge,NO,58.3436,6.2812,51.69,78,19,23.13,few clouds
470,Mayo,US,38.8876,-76.5119,71.58,93,100,4.61,overcast clouds
471,Usinsk,RU,65.9939,57.5281,61.83,65,100,6.69,overcast clouds
472,Codrington,AU,-38.2667,141.9667,56.03,62,36,9.08,scattered clouds
473,Mount Isa,AU,-20.7333,139.5,64.17,27,0,12.66,clear sky
474,Kirakira,SB,-10.4544,161.9205,83.73,73,18,6.89,few clouds
475,Porto Novo,BJ,6.4965,2.6036,76.82,95,100,4.14,light rain
476,Kaniama,CD,-7.5667,24.1833,62.44,47,1,4.56,clear sky
477,Fort Smith,US,35.3859,-94.3986,89.64,58,0,12.66,clear sky
478,Astoria,US,46.1879,-123.8313,65.93,78,20,8.05,few clouds
479,Pljevlja,ME,43.3333,19.3333,52.77,86,100,3.27,overcast clouds
480,Iranshahr,IR,27.2025,60.6848,88.14,62,0,6.91,clear sky
481,Trebinje,BA,42.7119,18.3442,70.14,46,0,26.46,clear sky
482,Ban Nahin,LA,18.2418,104.2122,84.18,81,80,1.03,broken clouds
483,Choix,MX,26.7092,-108.3219,79.39,72,100,5.21,overcast clouds
484,Pevek,RU,69.7008,170.3133,32.05,97,100,17.07,light snow
485,Billings,US,45.7833,-108.5007,92.97,35,20,11.5,few clouds
486,Dudinka,RU,69.4058,86.1778,47.62,55,52,16.15,broken clouds
487,Wuzhou,CN,23.4833,111.3167,89.22,63,19,4.92,few clouds
488,Padilla,CO,3.2204,-76.3139,74.77,87,97,4.38,overcast clouds
489,Inverness,GB,57.4791,-4.224,60.71,83,80,12.66,broken clouds
490,Kashi,CN,39.4547,75.9797,74.41,38,40,2.24,scattered clouds
491,Kulhudhuffushi,MV,6.6221,73.07,81.16,82,100,17.52,light rain
492,Nyurba,RU,63.2842,118.3319,57.49,89,100,2.89,light rain
493,Ligayan,PH,4.6533,119.4706,83.95,74,100,14.94,light rain
494,Hasaki,JP,35.7333,140.8333,90.28,85,100,13.47,overcast clouds
495,Along,IN,28.1667,94.7667,86.95,71,37,1.12,scattered clouds
496,Sept-Iles,CA,50.2001,-66.3821,60.8,62,75,6.91,broken clouds
497,Bathsheba,BB,13.2167,-59.5167,83.01,90,75,19.57,broken clouds
498,Lavrentiya,RU,65.5833,-171.0,50.7,81,100,11.5,overcast clouds
499,Ishigaki,JP,24.3448,124.1572,89.73,70,40,9.22,scattered clouds
500,Norman Wells,CA,65.282,-126.8329,77.04,44,75,6.91,smoke
501,Aksu,CN,41.1231,80.2644,81.45,27,100,2.82,overcast clouds
502,Taltal,CL,-25.4,-70.4833,57.29,78,77,4.23,broken clouds
503,Beringovskiy,RU,63.05,179.3167,48.7,91,100,6.04,moderate rain
504,Palmer,US,42.1584,-72.3287,65.75,76,0,3.44,clear sky
505,Namatanai,PG,-3.6667,152.4333,84.72,65,29,8.03,scattered clouds
506,Bambous Virieux,MU,-20.3428,57.7575,68.25,77,40,13.8,scattered clouds
507,Mundra,IN,22.85,69.7333,83.21,81,100,20.36,overcast clouds
508,Pulandian,CN,39.3953,121.9669,74.86,74,100,8.77,heavy intensity rain
509,San Miguel,SV,13.4833,-88.1833,83.86,79,20,2.3,few clouds
510,Peniche,PT,39.3558,-9.3811,68.29,93,1,7.49,clear sky
511,Novosergiyevka,RU,52.0934,53.6528,71.11,66,12,5.3,few clouds
512,Saint-Francois,FR,46.4154,3.9054,54.68,94,0,4.61,clear sky
513,Pittsburg,US,38.028,-121.8847,81.91,48,0,12.66,clear sky
514,Antsohihy,MG,-14.8796,47.9875,67.24,60,3,9.51,clear sky
515,San Quintin,MX,30.4833,-115.95,67.05,84,5,13.91,clear sky
516,Atemar,RU,54.181,45.4091,65.95,85,49,4.32,scattered clouds
517,Sidi Ali,DZ,36.0998,0.4206,69.42,78,0,1.48,clear sky
518,Sao Geraldo Do Araguaia,BR,-6.4006,-48.555,74.3,55,8,1.03,clear sky
519,Ambulu,ID,-8.345,113.6058,81.46,69,82,3.96,broken clouds
520,Camana,PE,-16.6228,-72.7111,61.3,85,69,7.02,broken clouds
521,Ucluelet,CA,48.9329,-125.5528,65.08,83,96,1.01,overcast clouds
522,Horni Plana,CZ,48.7674,14.0326,54.57,90,100,3.33,overcast clouds
523,Diamantino,BR,-14.4086,-56.4461,72.39,46,74,5.21,broken clouds
524,Goderich,CA,43.7501,-81.7165,59.92,82,0,4.61,clear sky
525,Northam,GB,51.0333,-4.2167,58.6,80,0,6.4,clear sky
526,Seoul,KR,37.5683,126.9778,90.79,64,40,3.44,haze
527,Eugene,US,44.0521,-123.0867,74.95,43,75,11.5,broken clouds
528,Amuntai,ID,-2.4177,115.2494,85.19,68,83,1.16,broken clouds
529,Galle,LK,6.0367,80.217,80.96,82,100,12.88,overcast clouds
530,Nuevo Laredo,MX,27.4763,-99.5164,100.67,27,0,10.36,clear sky
531,Moroni,KM,-11.7022,43.2551,73.83,71,1,10.87,light rain
532,Belmonte,BR,-15.8631,-38.8828,70.72,84,9,6.98,clear sky
533,Sergiyevsk,RU,53.9413,51.165,68.85,81,99,3.15,overcast clouds
534,Show Low,US,34.2542,-110.0298,65.14,78,75,6.91,light rain
535,Ilhabela,BR,-23.7781,-45.3581,65.23,92,39,4.23,scattered clouds
536,Husavik,IS,66.0449,-17.3389,52.65,86,98,6.78,overcast clouds
537,Davila,PH,18.4726,120.5763,87.78,76,100,3.76,overcast clouds
538,Mehamn,NO,71.0357,27.8492,55.31,87,98,3.44,overcast clouds
539,Piney Green,US,34.716,-77.3202,84.13,94,0,4.61,clear sky
540,Merauke,ID,-8.4667,140.3333,80.29,80,85,17.27,overcast clouds
541,Brae,GB,60.3964,-1.353,52.81,98,100,4.34,light rain
542,Los Llanos De Aridane,ES,28.6585,-17.9182,67.75,88,0,19.57,clear sky
543,Motygino,RU,58.1831,94.7592,61.43,89,100,1.92,light rain
544,Maceio,BR,-9.6658,-35.7353,72.84,88,100,5.75,overcast clouds
545,Mananara,MG,-16.1667,49.7667,68.32,84,27,13.09,light rain
546,Acari,PE,-15.4311,-74.6158,65.88,71,95,2.44,overcast clouds
547,Gouyave,GD,12.1646,-61.7296,79.57,89,20,11.5,few clouds
548,Tazovskiy,RU,67.4667,78.7,51.6,69,13,8.1,few clouds
549,Lorengau,PG,-2.0226,147.2712,85.1,66,88,10.76,overcast clouds
550,Ko Samui,TH,9.5357,99.9357,85.91,70,20,8.05,few clouds
551,Rolla,US,37.9514,-91.7713,75.27,84,40,5.75,scattered clouds
552,Kalanwali,IN,29.85,74.95,84.43,71,99,11.9,overcast clouds
553,Hauterive,FR,46.0901,3.4459,57.96,86,4,1.61,clear sky
554,Saint-Georges,GD,12.0564,-61.7485,80.28,89,20,11.5,few clouds
555,Bonga,ET,7.2833,36.2333,59.25,99,100,1.52,overcast clouds
556,North Bend,US,43.4065,-124.2243,66.92,88,0,12.66,clear sky
557,Praia Da Vitoria,PT,38.7333,-27.0667,65.75,94,75,7.16,broken clouds
558,Gizo,SB,-8.103,156.8419,83.93,62,7,2.53,clear sky
559,Haines Junction,CA,60.7522,-137.5108,66.15,39,80,13.8,broken clouds
560,Aripuana,BR,-9.1667,-60.6333,74.07,61,14,1.23,few clouds
561,Aksarayskiy,RU,46.7924,48.0119,80.31,32,1,9.33,clear sky
562,Peleduy,RU,59.6289,112.7406,59.59,95,100,4.41,light rain
563,Celestun,MX,20.8667,-90.4,79.77,83,95,6.31,overcast clouds
564,Ribas Do Rio Pardo,BR,-20.4431,-53.7592,68.0,52,0,3.31,clear sky
565,Lufilufi,WS,-13.8745,-171.5986,87.58,75,24,12.84,few clouds
566,Baruun-Urt,MN,46.6806,113.2792,71.89,38,99,4.12,overcast clouds
567,Hailar,CN,49.2,119.7,76.82,39,11,13.38,few clouds
568,Kidal,ML,18.4411,1.4078,86.38,39,58,9.64,broken clouds
569,Stettler,CA,52.3168,-112.7186,64.74,100,4,2.3,clear sky
570,Boueni,YT,-12.9025,45.0761,75.18,67,95,16.22,overcast clouds
571,Bandarbeyla,SO,9.4942,50.8122,79.25,59,66,28.7,broken clouds
572,Berck,FR,50.4,1.6,53.58,94,0,2.3,clear sky
573,Masuguru,TZ,-11.3667,38.4167,65.73,85,22,2.06,few clouds
574,Kalevala,RU,65.2,31.1667,55.54,96,100,7.56,overcast clouds
575,Jinchang,CN,38.4953,102.1739,78.21,43,83,9.98,broken clouds
576,Rio Gallegos,AR,-51.6226,-69.2181,21.25,86,40,11.5,scattered clouds
577,Siverek,TR,37.755,39.3167,74.64,55,0,4.27,clear sky
578,Karwar,IN,14.8,74.1333,76.98,87,100,18.66,overcast clouds
579,Afikpo,NG,5.8931,7.9374,71.58,99,100,2.8,moderate rain
580,Chiang Klang,TH,19.2938,100.8617,79.57,91,98,1.43,overcast clouds
581,Matadi,CD,-5.8167,13.45,67.32,91,94,3.18,overcast clouds
582,Dunedin,NZ,-45.8742,170.5036,50.81,43,11,4.0,few clouds
583,Dilla,ET,6.41,38.31,59.32,94,100,0.4,light rain
584,Narrabri,AU,-30.3167,149.7833,57.52,60,0,5.01,clear sky
585,Hastings,GB,50.8552,0.5729,59.52,99,0,5.64,clear sky
586,Bonoua,CI,5.2741,-3.595,78.42,88,99,6.06,overcast clouds
587,Skjervoy,NO,70.0311,20.9714,53.6,84,28,1.72,scattered clouds
588,Cooma,AU,-36.2333,149.1333,47.37,64,82,7.92,broken clouds
589,Sicamous,CA,50.8331,-118.9856,72.88,60,89,2.19,overcast clouds
590,Coahuayana,MX,18.7333,-103.6833,79.68,86,100,2.26,overcast clouds
591,Albion,US,42.2431,-84.753,69.75,68,0,0.0,clear sky
592,Namtsy,RU,62.7161,129.6658,61.09,74,100,5.26,overcast clouds
593,Key West,US,24.5557,-81.7826,89.6,69,0,4.61,clear sky
594,Sabang,ID,5.8933,95.3214,82.99,77,100,22.17,overcast clouds
595,Pahrump,US,36.2083,-115.9839,100.45,8,7,6.26,clear sky
596,Mokhsogollokh,RU,61.4681,128.9203,69.28,53,100,6.89,overcast clouds
597,Luwuk,ID,-0.9516,122.7875,79.05,90,97,4.7,overcast clouds
598,Cristalina,BR,-16.7686,-47.6136,57.6,62,4,4.14,clear sky
599,Tchibanga,GA,-2.85,11.0333,62.69,95,96,1.16,overcast clouds
600,Assiniboia,CA,49.6334,-105.9845,76.82,53,75,3.44,broken clouds
601,Ulaanbaatar,MN,47.9077,106.8832,64.53,52,20,4.47,few clouds
602,Mujiayingzi,CN,42.1167,118.7833,84.52,33,34,9.08,scattered clouds
603,Kristiansund,NO,63.1115,7.732,50.65,87,100,12.66,overcast clouds
604,Sechura,PE,-5.5569,-80.8222,63.43,79,85,15.39,overcast clouds
605,El Alto,PE,-4.2714,-81.2147,62.4,85,96,14.88,overcast clouds
606,Dasoguz,TM,41.8363,59.9666,73.35,40,0,6.91,clear sky
607,Thyboron,DK,56.6985,8.2124,53.19,79,30,30.53,scattered clouds
608,Verkhoyansk,RU,67.5447,133.385,63.88,51,100,4.12,overcast clouds
609,Novopokrovka,UA,49.8425,36.5477,68.5,54,100,7.9,overcast clouds
610,Chabahar,IR,25.2919,60.643,84.69,80,90,8.14,overcast clouds
611,Mandurah,AU,-32.55,115.7,61.92,63,68,18.75,light rain
612,Huarmey,PE,-10.0681,-78.1522,62.11,87,21,9.51,few clouds
613,Port Hueneme,US,34.1478,-119.1951,81.46,77,0,13.8,clear sky
614,Tonekabon,IR,36.8163,50.8738,71.55,52,0,2.19,clear sky
615,Macamic,CA,48.7502,-78.9996,53.73,72,0,3.56,clear sky
616,San Luis,AR,-33.295,-66.3356,49.95,42,6,6.42,clear sky
617,Nurota,UZ,40.5614,65.6886,79.36,23,0,11.1,clear sky
618,Soderhamn,SE,61.3037,17.0592,50.95,82,100,10.36,overcast clouds
619,Oum Hadjer,TD,13.2954,19.6966,82.0,56,44,10.09,scattered clouds
620,Khash,IR,28.2211,61.2158,81.3,11,71,7.92,broken clouds
621,Ardahan,TR,41.1087,42.7022,54.59,87,0,3.15,clear sky
622,Tanete,ID,-3.9443,119.7848,83.16,74,75,6.08,broken clouds
623,Warrnambool,AU,-38.3833,142.4833,53.82,61,4,10.36,clear sky
624,Epsom,GB,51.3305,-0.2701,60.44,87,0,2.91,clear sky
625,Ulaangom,MN,49.9811,92.0667,69.89,42,100,3.4,overcast clouds
626,Vostok,RU,46.4856,135.8833,78.03,54,79,3.67,broken clouds
627,Kurumkan,RU,54.3,110.3,60.73,75,100,3.33,light rain
628,Banikoara,BJ,11.2985,2.4386,73.74,88,29,6.46,scattered clouds
629,Yook,PH,13.2261,121.964,83.86,79,100,10.58,overcast clouds
630,Corn Island,NI,12.1694,-83.0418,81.19,83,100,17.6,overcast clouds
631,Penzance,GB,50.1186,-5.5371,59.68,82,0,8.79,clear sky
632,Aksarka,RU,66.5606,67.7975,67.77,49,49,15.12,scattered clouds
633,Tucuman,AR,-26.8241,-65.2226,73.4,35,10,5.75,clear sky
634,Kamenka,RU,51.3223,42.7678,69.67,53,78,9.93,broken clouds
635,Tessalit,ML,20.1986,1.0114,89.2,12,51,6.69,broken clouds
636,Ntungamo,UG,-0.8833,29.65,67.48,68,100,2.37,overcast clouds
637,San Patricio,US,28.017,-97.5169,86.18,74,98,12.88,overcast clouds
638,Owando,CG,-0.4819,15.8999,71.06,84,52,4.0,broken clouds
639,Khasan,RU,42.4308,130.6434,66.81,93,100,6.89,overcast clouds
640,Kharagpur,IN,22.3333,87.3333,87.51,67,54,13.06,broken clouds
641,Chirongui,YT,-12.9319,45.1483,75.13,66,97,16.28,overcast clouds
642,Rawson,AR,-43.3002,-65.1023,47.7,58,100,2.82,overcast clouds
643,Columbus,US,39.9612,-82.9988,73.74,58,40,13.8,scattered clouds
644,Almenara,BR,-16.1836,-40.6944,61.81,96,12,2.19,light rain
645,Vestmannaeyjar,IS,63.4427,-20.2734,52.07,89,100,15.75,overcast clouds
646,Road Town,VG,18.4167,-64.6167,80.69,81,100,21.39,overcast clouds
647,San Pedro De Uraba,CO,8.2752,-76.3764,75.13,95,100,4.47,overcast clouds
648,Bayan,CN,46.0833,127.4,81.88,48,6,10.47,clear sky
649,Myaundzha,RU,63.0494,147.1858,72.19,42,98,8.5,overcast clouds
650,Uch,FR,45.3192,-0.9345,63.16,64,0,7.76,clear sky
651,Shizukuishi,JP,39.6833,140.9833,74.17,63,93,0.13,overcast clouds
652,Guanare,VE,9.0418,-69.7421,75.22,100,95,1.14,overcast clouds
653,Rajkot,IN,22.3,70.7833,80.56,89,75,6.91,broken clouds
654,Santa Maria,BR,-29.6842,-53.8069,67.3,73,0,6.91,clear sky
655,Nyrob,RU,60.733,56.7202,67.75,85,47,1.59,scattered clouds
656,Shitanjing,CN,39.2342,106.3439,75.72,42,0,10.07,clear sky
657,Timiryazevskoye,RU,56.49,84.8769,77.16,68,38,4.81,scattered clouds
658,Champerico,GT,14.3,-91.9167,81.23,78,66,6.11,broken clouds
659,Nouadhibou,MR,20.931,-17.0347,67.57,92,2,12.48,clear sky
660,Abong Mbang,CM,3.9833,13.1833,65.75,99,97,3.49,light rain
661,Plyussa,RU,58.4308,29.3654,55.63,94,65,2.13,broken clouds
662,Charters Towers,AU,-20.1,146.2667,64.83,40,0,11.54,clear sky
663,Arlit,NE,18.7369,7.3853,88.02,11,2,9.13,clear sky
664,Jian,CN,27.1172,114.9793,91.72,63,12,10.45,few clouds
665,Cap Malheureux,MU,-19.9842,57.6142,66.47,75,56,7.0,broken clouds
666,Virginia Beach,US,36.8529,-75.978,74.01,91,100,13.8,overcast clouds
667,Bambanglipuro,ID,-7.95,110.2833,81.79,69,30,13.8,scattered clouds
668,Rauma,FI,61.1272,21.5113,51.84,77,61,5.82,broken clouds
669,Hami,CN,42.8,93.45,91.44,11,35,7.72,scattered clouds
670,Carbonia,IT,39.1672,8.5222,69.01,69,0,4.0,clear sky
671,Uusikaupunki,FI,60.8004,21.4084,57.06,75,69,6.17,broken clouds
672,Havelock,US,34.8791,-76.9013,84.18,91,75,14.97,thunderstorm with light rain
673,Chandler,US,33.3062,-111.8412,109.08,14,0,6.91,"sand,dust whirls"
674,Gat,IL,31.61,34.7642,74.39,100,3,3.15,clear sky
675,Geilo,NO,60.5333,8.2076,45.39,77,31,7.58,scattered clouds
676,Russell,US,32.3502,-85.1999,76.23,94,0,0.0,clear sky
677,Arti,RU,56.4234,58.5328,70.14,72,57,3.06,broken clouds
678,Changzhou,CN,31.7833,119.9667,96.39,51,17,8.77,few clouds
679,Cartagena,CO,10.3997,-75.5144,82.02,89,75,5.75,broken clouds
680,Sao Jose Da Coroa Grande,BR,-8.8978,-35.1478,74.7,83,6,14.45,clear sky
681,Lancaster,US,40.2504,-76.2499,69.89,85,0,0.0,clear sky
682,Stornoway,GB,58.2093,-6.3865,53.56,93,100,10.36,overcast clouds
683,Rubtsovsk,RU,51.5,81.25,71.01,61,48,3.53,scattered clouds
684,Porbandar,IN,21.6422,69.6093,81.88,82,100,20.69,overcast clouds
685,Ponta Delgada,PT,37.7333,-25.6667,67.5,77,75,6.91,broken clouds
686,Qaqortoq,GL,60.7167,-46.0333,41.41,92,25,1.01,scattered clouds
687,Kalengwa,ZM,-13.4659,25.0027,47.62,83,1,3.76,clear sky
688,Sao Sebastiao,BR,-23.76,-45.4097,64.58,94,46,4.5,scattered clouds
689,Laminusa,PH,5.5549,120.9136,83.62,72,100,11.97,light rain
690,Bitung,ID,1.4451,125.1824,85.05,80,68,9.53,moderate rain
691,Port Said,EG,31.2565,32.2841,76.98,83,0,6.91,clear sky
692,Puerto Madero,MX,14.7208,-92.4215,81.48,78,96,2.35,overcast clouds
693,Viedma,AR,-40.8135,-62.9967,47.98,63,100,9.73,overcast clouds
694,Rudnogorsk,RU,57.2639,103.7519,68.05,46,9,5.39,clear sky
695,Xining,CN,36.6167,101.7667,76.8,49,61,4.68,broken clouds
696,Rabo De Peixe,PT,37.8,-25.5833,66.27,80,75,6.91,broken clouds
697,Taoudenni,ML,22.6783,-3.9836,97.16,8,71,7.16,broken clouds
698,Balabac,PH,7.9868,117.0645,82.4,81,100,13.8,overcast clouds
699,Roxas,PH,11.5853,122.7511,85.14,71,42,6.2,scattered clouds
700,Waipawa,NZ,-41.4122,175.5153,46.08,61,100,6.96,overcast clouds
701,Koroni,GR,36.8,21.95,74.07,70,0,5.26,clear sky
702,Oromocto,CA,45.8351,-66.4792,56.3,80,0,6.91,clear sky
703,Nantucket,US,41.2835,-70.0995,68.02,87,0,4.61,clear sky
704,Aquidauana,BR,-20.4711,-55.7872,74.77,44,6,4.88,clear sky
705,Alice Springs,AU,-23.7,133.8833,54.95,38,0,16.11,clear sky
706,Borzya,RU,50.3833,116.5167,69.33,55,71,11.97,broken clouds
707,Menongue,AO,-14.6585,17.691,46.99,69,2,4.12,clear sky
708,Benguela,AO,-12.5763,13.4055,66.2,92,12,2.46,few clouds
709,Jabinyanah,TN,35.035,10.9081,75.0,70,0,10.98,clear sky
710,Hornepayne,CA,49.2138,-84.7705,59.27,56,54,7.96,broken clouds
711,Natal,BR,-5.795,-35.2094,75.42,94,75,8.05,broken clouds
712,Maniitsoq,GL,65.4167,-52.9,39.54,91,100,5.35,overcast clouds
713,Bosaso,SO,11.2842,49.1816,86.09,43,98,27.2,overcast clouds
714,Am Timan,TD,11.0297,20.2827,72.54,79,90,6.76,overcast clouds
715,Pauini,BR,-7.7136,-66.9764,75.79,71,55,1.72,broken clouds
716,La Rochelle,FR,46.1667,-1.15,69.94,68,0,11.5,clear sky
717,San Ramon,US,37.7799,-121.978,76.39,70,0,11.5,clear sky
718,Vaitape,PF,-16.5167,-151.75,78.28,72,65,18.68,broken clouds
719,Umea,SE,63.8284,20.2597,51.91,100,40,4.61,scattered clouds
